"Device Name","Median Score","Number of Benchmarks"
"2X AMD EPYC 9965 192-Core Processor","9671.4","2"
"2X AMD EPYC 9755 128-Core Processor","7184.66","3"
"2X AMD Eng Sample: 100-000001535-05","6859.14","8"
"2X AMD EPYC 9745 128-Core Processor","6154.01","3"
"2X AMD EPYC 9B45 128-Core Processor","5818.96","1"
"2X AMD EPYC 9B45","5761.33","1"
"2X AMD EPYC 9655 96-Core Processor","5362.2","2"
"AMD EPYC 9965 192-Core Processor","4077.55","2"
"2X AMD EPYC 9734 112-Core Processor","3986.64","2"
"2X Intel Xeon 6960P","3979.96","4"
"2X AMD EPYC 9554 64-Core Processor","3186.86","2"
"2X AMD EPYC 9455 48-Core Processor","2966.35","2"
"AMD Ryzen Threadripper PRO 7995WX 96-Cores","2939.34","6"
"AMD EPYC 9655P 96-Core Processor","2769.59","2"
"Intel Xeon 6985P-C","2752","4"
"2X Intel Xeon 6740E","2632.1","2"
"AMD EPYC 9754 128-Core Processor","2626.83","4"
"AMD Ryzen Threadripper PRO 9995WX 96-Cores","2498.12","7"
"AMD Eng Sample: 100-000000894-03","2474.37","1"
"AMD EPYC 9645 96-Core Processor","2457.88","2"
"2X AMD EPYC 7773X 64-Core Processor","2343.01","2"
"2X Intel Xeon 6745P","2324.78","1"
"AMD Ryzen Threadripper PRO 9985WX 64-Cores","2140.01","12"
"AMD EPYC 9654 96-Core Processor","2016.68","10"
"AMD Ryzen Threadripper 9980X 64-Cores","2010.73","10"
"AMD Ryzen Threadripper 7980X 64-Cores","1814.57","49"
"AMD EPYC 9535 64-Core Processor","1802.55","2"
"2X AMD EPYC 7K62 48-Core Processor","1613.53","2"
"2X AMD EPYC 9334 32-Core Processor","1556.26","1"
"Intel Xeon 6741P","1426.74","1"
"Intel Xeon w9-3595X","1360.38","1"
"AMD Ryzen Threadripper 7970X 32-Cores","1306.47","136"
"AMD Ryzen Threadripper PRO 9975WX 32-Cores","1291.08","3"
"AMD Ryzen Threadripper 9970X 32-Cores","1180.64","16"
"Intel Xeon w9-3495X","1164.67","7"
"AMD Ryzen Threadripper PRO 5995WX 64-Cores","1148.86","5"
"Intel Xeon Platinum 8468","1141.98","2"
"2X Intel Xeon 6724P","1130.24","1"
"AMD Ryzen Threadripper PRO 7975WX 32-Cores","1127.61","6"
"AMD EPYC 7C13 64-Core Processor","1110.63","1"
"AMD Ryzen Threadripper PRO 3995WX 64-Cores","1095.55","1"
"2X Intel Xeon Platinum 8369B CPU @ 2.70GHz","1040.86","1"
"AMD Ryzen Threadripper 3990X 64-Core Processor","1026.9","2"
"2X Intel Xeon Gold 6342 CPU @ 2.80GHz","983.44","1"
"AMD Ryzen Threadripper PRO 9965WX 24-Cores","924.31","4"
"Intel Xeon w7-3565X","881.08","3"
"AMD Ryzen Threadripper 9960X 24-Cores","875.13","10"
"AMD EPYC 7K62 48-Core Processor","819.14","1"
"2X AMD EPYC 7551 32-Core Processor","813.64","2"
"AMD Eng Sample: 100-000001535-05","798.54","1"
"2X Intel Xeon Platinum 8369HC CPU @ 3.30GHz","797.44","2"
"AMD Ryzen Threadripper PRO 7965WX 24-Cores","768.17","4"
"INTEL XEON GOLD 6530","764.88","1"
"Intel Xeon w7-3555","762.28","1"
"AMD Ryzen Threadripper 7960X 24-Cores","758.6","8"
"AMD EPYC 4585PX 16-Core Processor","750.47","10"
"AMD Ryzen Threadripper PRO 5975WX 32-Cores","742.85","5"
"AMD EPYC 7702P 64-Core Processor","742.4","1"
"Intel Xeon w9-3475X","724.82","1"
"Apple M3 Ultra","715.94","20"
"2X Intel Xeon Platinum 8173M CPU @ 2.00GHz","712.17","1"
"AMD EPYC 7543 32-Core Processor","712.11","1"
"AMD Ryzen Threadripper PRO 5965WX 24-Cores","698.46","1"
"Intel Xeon CPU Max 9462","694.53","1"
"2X AMD EPYC 7313 16-Core Processor","691.19","1"
"2X INTEL XEON SILVER 4514Y","690.9","1"
"2X Intel Xeon Gold 6230R CPU @ 2.10GHz","690.15","1"
"AMD Ryzen Threadripper 3970X 32-Core Processor","684.32","20"
"Intel Xeon W-3175X CPU @ 3.10GHz","684.14","1"
"2X Intel Xeon CPU E5-2699 v4 @ 2.20GHz","681.19","1"
"2X Intel Xeon Platinum 8249C CPU @ 2.10GHz","677","1"
"AMD Ryzen 9 9950X3D 16-Core Processor","675.12","859"
"2X Intel Xeon Gold 5220R CPU @ 2.20GHz","664.19","1"
"2X Intel Xeon Platinum 8164 CPU @ 2.00GHz","628.74","1"
"Intel Xeon w7-2575X","622.43","1"
"AMD Ryzen Threadripper PRO 9955WX 16-Cores","621.01","1"
"AMD Ryzen 9 9950X 16-Core Processor","617.75","311"
"AMD EPYC 4584PX 16-Core Processor","615.7","1"
"AMD EPYC 7453 28-Core Processor","581.66","1"
"AMD EPYC 9135 16-Core Processor","574.5","1"
"2X Intel Xeon CPU E5-2697 v4 @ 2.30GHz","573.47","1"
"2X Intel Xeon CPU E5-2696 v4 @ 2.20GHz","570.4","2"
"2X Intel Xeon CPU E5-2686 v4 @ 2.30GHz","559.23","1"
"Intel Core Ultra 9 285K","557.73","154"
"AMD Ryzen 9 9955HX 16-Core Processor","553.38","14"
"AMD Ryzen 9 7950X 16-Core Processor","549.96","144"
"AMD Ryzen 9 7950X3D 16-Core Processor","546.82","133"
"2X Intel Xeon Gold 6148 CPU @ 2.40GHz","544.71","4"
"2X Intel Xeon Silver 4314 CPU @ 2.40GHz","544.7","1"
"AMD Ryzen 9 9955HX3D 16-Core Processor","543.82","6"
"2X Intel Xeon CPU E5-2697A v4 @ 2.60GHz","541.28","1"
"AMD EPYC 4545P 16-Core Processor","528.45","2"
"Apple M2 Ultra","524.92","5"
"AMD Eng Sample: 100-000000870-32_Y","522.44","9"
"Intel Core i9-14900KS","517.12","23"
"AMD Ryzen 9 7900X 12-Core Processor","510.23","1"
"13th Gen Intel Core i9-13900KS","500.84","10"
"AMD Ryzen Threadripper 3960X 24-Core Processor","498.39","7"
"Intel Core i9-14900KF","496","39"
"Intel Core i9-14900K","494.88","106"
"2X Intel Xeon CPU E5-2698 v4 @ 2.20GHz","493.07","1"
"13th Gen Intel Core i9-13900KF","485.25","46"
"2X Intel Xeon CPU E5-2673 v4 @ 2.30GHz","484.13","1"
"31X AMD EPYC 7763 64-Core Processor","483.88","2"
"AMD Ryzen 9 7945HX with Radeon Graphics","483.24","42"
"AMD EPYC 9115 16-Core Processor","480.82","2"
"AMD RYZEN AI MAX+ 395 w/ Radeon 8060S","479.64","34"
"Intel Xeon W-3275 CPU @ 2.50GHz","477.85","2"
"2X Intel Xeon CPU E5-2682 v4 @ 2.50GHz","477.26","1"
"Intel Core Ultra 7 265K","476.16","163"
"13th Gen Intel Core i9-13900K","475.48","54"
"Apple M4 Max","474.2","84"
"AMD Ryzen 9 7940HX with Radeon Graphics","472.77","4"
"AMD Ryzen 9 9900X3D 12-Core Processor","471.68","14"
"Intel Core Ultra 7 265KF","471.12","30"
"AMD Ryzen 9 8945HX with Radeon Graphics","470.66","4"
"AMD Ryzen 9 9900X 12-Core Processor","468.75","165"
"Intel Core Ultra 9 285HX","467.24","5"
"Intel Core Ultra 9 285","465.01","6"
"AMD Ryzen 9 7945HX3D with Radeon Graphics","463.79","2"
"AMD Ryzen Threadripper 2990WX 32-Core Processor","461.61","6"
"Intel Core Ultra 9 275HX","459.88","125"
"AMD Ryzen 9 8940HX with Radeon Graphics","458.38","19"
"Intel Core i7-14700KF","457.32","79"
"AMD EPYC 9124 16-Core Processor","451.78","1"
"AMD Ryzen Threadripper PRO 7945WX 12-Cores","451.21","1"
"AMD Ryzen 9 9850HX 12-Core Processor","449.83","1"
"2X Intel Xeon CPU E5-2699 v3 @ 2.30GHz","448.01","1"
"Intel Xeon Platinum 8275CL CPU @ 3.00GHz","440.12","1"
"Apple M1 Ultra","433.5","11"
"Intel Xeon W-3265M CPU @ 2.70GHz","433.28","1"
"Intel Core i7-14700K","427.07","55"
"2X Intel Xeon CPU E5-2698 v3 @ 2.30GHz","418.53","1"
"2X Intel Xeon Gold 6138 CPU @ 2.00GHz","416.82","1"
"AMD Ryzen Threadripper PRO 7985WX 64-Cores","415.56","25"
"AMD Ryzen 9 7900X 12-Core Processor","414.99","84"
"Intel Core Ultra 7 255HX","412.41","20"
"Intel Xeon w5-3435X","412.17","3"
"AMD Ryzen 9 7900 12-Core Processor","411.17","94"
"13th Gen Intel Core i9-13900F","405.79","4"
"AMD Ryzen 9 7900X3D 12-Core Processor","403.27","22"
"4X Intel Xeon Platinum 8358 CPU @ 2.60GHz","401.4","1"
"AMD RYZEN AI MAX+ PRO 395 w/ Radeon 8060S","398.01","11"
"AMD Ryzen Threadripper 2970WX 24-Core Processor","395.32","4"
"Intel Core Ultra 7 265HX","395.16","7"
"AMD Ryzen 9 5950X 16-Core Processor","394.64","281"
"Apple M3 Max","393.46","32"
"2X Intel Xeon CPU E5-2680 v4 @ 2.40GHz","386.77","3"
"2X Intel Xeon CPU E5-2690 v3 @ 2.60GHz","385.99","3"
"Intel Core i9-10980XE CPU @ 3.00GHz","384.41","3"
"2X Intel Xeon Gold 6140 CPU @ 2.30GHz","383.66","2"
"Intel Core i9-12900KS","382.36","6"
"13th Gen Intel Core i9-13950HX","382.17","20"
"13th Gen Intel Core i7-13700K","381.92","42"
"2X Intel Xeon CPU E5-2690 v4 @ 2.60GHz","380.6","4"
"13th Gen Intel Core i9-13900","380.42","4"
"13th Gen Intel Core i7-13700KF","377.96","34"
"Intel Core Ultra 7 265","377.24","5"
"Intel Core i9-7980XE CPU @ 2.60GHz","376.16","1"
"AMD Ryzen 9 5900XT 16-Core Processor","371.54","23"
"13th Gen Intel Core i9-13900HX","371.33","92"
"2X Intel Xeon CPU E5-2697 v3 @ 2.60GHz","369.93","1"
"2X Intel Xeon CPU E5-2687W v4 @ 3.00GHz","365.03","2"
"AMD Ryzen 9 3950X 16-Core Processor","361.03","10"
"Intel Core Ultra 7 265F","355.4","4"
"Intel Xeon Gold 6238R CPU @ 2.20GHz","354.75","1"
"2X Intel Xeon CPU E5-2650 v4 @ 2.20GHz","353.31","1"
"Intel Core i9-12900K","352.92","30"
"AMD RYZEN AI MAX 390 w/ Radeon 8050S","351.85","1"
"Intel Core i9-12900KF","349.88","15"
"Apple M4 Pro","342.69","111"
"AMD RYZEN AI MAX PRO 390 w/ Radeon 8050S","342.5","2"
"Intel Core i7-14700HX","341.58","78"
"13th Gen Intel Core i9-13980HX","335.15","15"
"AMD Ryzen 7 9800X3D 8-Core Processor","334.43","685"
"AMD EPYC 7313 16-Core Processor","333.83","1"
"Intel Core i9-14900HX","332.33","49"
"Intel Core Ultra 5 245K","330.16","10"
"4X Intel Xeon CPU E7- 4860  @ 2.27GHz","323.87","1"
"AMD Ryzen AI 9 HX 375 w/ Radeon 890M","322.69","3"
"2X Intel Xeon CPU E5-2683 v3 @ 2.00GHz","316.18","1"
"Intel Xeon w5-2455X","316.17","2"
"AMD Ryzen 7 9700X 8-Core Processor","312.34","273"
"AMD Ryzen 9 7845HX with Radeon Graphics","310.76","4"
"2X Intel Xeon CPU E5-2687W v3 @ 3.10GHz","309.84","4"
"Intel Xeon CPU E5-2699A v4 @ 2.40GHz","308.59","1"
"13th Gen Intel Core i7-13700T","307.76","4"
"Intel Xeon W-3245 CPU @ 3.20GHz","307.75","4"
"4X AMD Opteron(tm) Processor 6386 SE","306.39","1"
"Intel Core i5-14600KF","304.68","50"
"Intel Core Ultra 5 235","304.58","3"
"AMD Ryzen 9 5900X 12-Core Processor","303.39","161"
"Intel Xeon Gold 6254 CPU @ 3.10GHz","303.18","1"
"AMD Ryzen AI 9 H 365 w/ Radeon 880M","301.59","2"
"AMD Ryzen AI 9 HX PRO 370 w/ Radeon 890M","301.44","8"
"AMD Ryzen AI 9 HX 370 w/ Radeon 890M","300.93","45"
"Intel Core i7-14700F","299.1","26"
"13th Gen Intel Core i7-13850HX","297.79","2"
"Intel Xeon W-2295 CPU @ 3.00GHz","296.91","1"
"13th Gen Intel Core i5-13600K","296.66","19"
"Intel Core i5-14600K","295.82","64"
"13th Gen Intel Core i5-13600KF","295.52","24"
"Intel Core i9-12900F","293.98","3"
"AMD EPYC 4345P 8-Core Processor","293.59","1"
"Intel Core i7-12700K","292","44"
"Intel Core i7-14650HX","291.03","46"
"Intel Core i9-14900F","290.29","4"
"Intel Xeon 6507P","289.96","1"
"Intel Xeon W-2191B CPU @ 2.30GHz","288.89","1"
"Intel Xeon CPU E5-2696 v4 @ 2.20GHz","288.7","5"
"13th Gen Intel Core i7-13700F","287.14","9"
"2X Intel Xeon Gold 5118 CPU @ 2.30GHz","286.36","1"
"AMD Ryzen 9 3900XT 12-Core Processor","286.04","4"
"Intel Xeon CPU E5-2699 v4 @ 2.20GHz","285.71","1"
"Intel Core i9-7960X CPU @ 2.80GHz","285.4","3"
"Intel Core i7-12700KF","284.31","49"
"AMD EPYC 9015 8-Core Processor","280.43","1"
"Intel Core i7-14700","280.29","21"
"AMD Ryzen 7 7700X 8-Core Processor","279.74","93"
"AMD Ryzen AI 9 HX PRO 375 w/ Radeon 890M","277.41","2"
"Apple M5","277.02","19"
"AMD Ryzen Threadripper PRO 3955WX 16-Cores","276.68","2"
"Intel Core i9-12950HX","273.78","2"
"2X Intel Xeon CPU E5-2630 v4 @ 2.20GHz","273.03","1"
"Intel Xeon Silver 4410T","272.91","1"
"Intel Core i5-12600KF","272.33","69"
"Intel Core i9-7920X CPU @ 2.90GHz","272.04","1"
"Intel Core i9-9960X CPU @ 3.10GHz","271.18","1"
"AMD Ryzen 5 9600X 6-Core Processor","270.42","202"
"Intel Xeon Gold 6138 CPU @ 2.00GHz","268.08","1"
"AMD Ryzen Threadripper 2950X 16-Core Processor","268.07","1"
"AMD Ryzen 7 7700 8-Core Processor","267.78","91"
"AMD Ryzen Threadripper 1950X 16-Core Processor","266.64","9"
"2X Intel Xeon Gold 6234 CPU @ 3.30GHz","264.7","1"
"2X Intel Xeon CPU E5-2697 v2 @ 2.70GHz","263.92","1"
"AMD RYZEN AI MAX PRO 385 w/ Radeon 8050S","263.52","1"
"AMD Ryzen 7 7800X3D 8-Core Processor","263.15","192"
"Snapdragon X Elite - X1E78100 - Qualcomm Oryon CPU","262.86","3"
"Intel Xeon CPU E5-2699 v3 @ 2.30GHz","262.66","7"
"Apple M2 Max","262.43","21"
"Snapdragon X Elite - X1E84100 - Qualcomm Oryon CPU","261.12","1"
"AMD Ryzen Threadripper PRO 3945WX 12-Cores","261.11","1"
"Intel Core Ultra 7 265H","260.77","7"
"Intel Xeon CPU E5-2698 v4 @ 2.20GHz","259.59","1"
"AMD Ryzen 9 3900X 12-Core Processor","259.27","76"
"Intel Xeon CPU E5-2695 v4 @ 2.10GHz","258.05","2"
"Intel Core i9-14900","257","4"
"AMD Ryzen 7 7840HS with Radeon 780M Graphics","254.95","6"
"AMD Ryzen 7 7745HX with Radeon Graphics","253.76","5"
"Snapdragon X 12-core X1E80100 @ 3.40 GHz","252.9","6"
"Intel Core i9-12900E","252.41","2"
"AMD EPYC 7282 16-Core Processor","251.94","2"
"2X Intel Xeon CPU E5-2696 v2 @ 2.50GHz","251.49","1"
"Intel Core 9 270H","251.44","2"
"Intel Core i9-10920X CPU @ 3.50GHz","251.4","9"
"Intel Xeon W-2275 CPU @ 3.30GHz","250.65","1"
"2X Intel Xeon CPU E5-2660 v3 @ 2.60GHz","249.28","2"
"AMD Ryzen 7 8700G w/ Radeon 780M Graphics","248.51","21"
"Intel Core i7-12850HX","248.13","2"
"Intel Xeon w5-2445","247.86","1"
"13th Gen Intel Core i5-13500","246.82","10"
"AMD Ryzen 7 8700F 8-Core Processor","245.62","11"
"AMD EPYC 9455P 48-Core Processor","245.15","21"
"Intel Core i7-12700F","244.11","17"
"AMD Ryzen 9 3900 12-Core Processor","242.51","2"
"Intel Xeon Gold 6226R CPU @ 2.90GHz","242.37","1"
"AMD Ryzen 7 5700X 8-Core Processor","241.89","292"
"Genuine Intel 0000","240.92","16"
"2X Intel Xeon Silver 4114 CPU @ 2.20GHz","240.01","2"
"2X Intel Xeon Gold 6146 CPU @ 3.20GHz","239.79","2"
"Intel Core i9-7940X CPU @ 3.10GHz","239.66","1"
"Intel Core i9-10900K CPU @ 3.70GHz","239.18","21"
"Intel Xeon Silver 4314 CPU @ 2.40GHz","238","1"
"AMD Ryzen 9 7940H w/ Radeon 780M Graphics","237.95","1"
"8X Intel Core Ultra 7 265K","237.85","1"
"AMD Ryzen 5 9600 6-Core Processor","237.33","1"
"13th Gen Intel Core i7-13700HX","234.21","19"
"13th Gen Intel Core i7-13700","234.04","3"
"AMD Ryzen 7 255 w/ Radeon 780M Graphics","233.92","9"
"AMD Ryzen 9 8945H w/ Radeon 780M Graphics","232.48","2"
"Intel Core i9-10940X CPU @ 3.30GHz","231.72","1"
"Intel Xeon CPU E5-2697A v4 @ 2.60GHz","230.73","6"
"Intel Xeon CPU E5-2696 v3 @ 2.30GHz","230.66","4"
"13th Gen Intel Core i7-13800H","230.3","2"
"2X Intel Xeon CPU E5-2680 v2 @ 2.80GHz","229.56","1"
"AMD Ryzen 7 7840U w/ Radeon  780M Graphics","228.98","3"
"13th Gen Intel Core i5-13600","228.61","1"
"Intel Xeon Silver 4410Y","228.09","1"
"Intel Core i9-10900KF CPU @ 3.70GHz","227.82","4"
"Intel Core Ultra 9 285H","227.76","42"
"Intel Core i9-10850K CPU @ 3.60GHz","227.58","17"
"Intel Core Ultra 5 225","227.54","2"
"Intel Core i5-12600K","227.48","29"
"Apple M3 Pro","227.17","33"
"AMD Ryzen 7 260 w/ Radeon 780M Graphics","224.84","9"
"AMD Ryzen 9 8945HS w/ Radeon 780M Graphics","224.39","6"
"AMD Eng Sample: 100-000000954-50_Y","224.31","3"
"Intel Xeon Silver 4310 CPU @ 2.10GHz","224.18","1"
"AMD Ryzen AI 9 365 w/ Radeon 880M","223.73","12"
"AMD Ryzen 9 7940HS w/ Radeon 780M Graphics","223.58","13"
"AMD Ryzen 9 270 w/ Radeon 780M Graphics","223.48","4"
"Intel Core Ultra 5 230F","222.64","9"
"Intel Core i7-12800HX","222.16","5"
"AMD Ryzen 7 H 255 w/ Radeon 780M Graphics","222.11","3"
"AMD EPYC 7281 16-Core Processor","221.8","1"
"Apple M4","221.78","179"
"Intel Core i7-12700","221.77","18"
"2X Intel Xeon CPU E5-2640 v3 @ 2.60GHz","220.55","5"
"AMD Ryzen AI 7 PRO 350 w/ Radeon 860M","220.46","5"
"AMD Ryzen 5 9500F 6-Core Processor","217.19","3"
"AMD Ryzen 7 8845HS w/ Radeon 780M Graphics","216.83","36"
"13th Gen Intel Core i5-13450HX","216.69","68"
"AMD Ryzen 7 8745HS w/ Radeon 780M Graphics","215.41","4"
"AMD Ryzen 7 5800XT 8-Core Processor","214.87","70"
"AMD Ryzen 7 250 w/ Radeon 780M Graphics","214.3","7"
"Intel Core Ultra 5 225F","214.25","3"
"AMD Ryzen 7 H 260 w/ Radeon 780M Graphics","212.64","2"
"Intel Core Ultra 7 255H","212.48","17"
"AMD Ryzen Threadripper 1920X 12-Core Processor","211.6","3"
"Intel Core Ultra 9 185H","211.6","17"
"Apple M1 Max","211.59","36"
"AMD Ryzen 7 7840HS w/ Radeon 780M Graphics","211.44","28"
"Intel Xeon W-3235 CPU @ 3.30GHz","211.32","1"
"AMD Ryzen 9 PRO 6950H with Radeon Graphics","210.67","1"
"AMD Ryzen 7 5800 8-Core Processor","210.5","2"
"AMD Ryzen 7 7435HS","209.74","57"
"Snapdragon X 10-core X1P64100 @ 3.40 GHz","209.24","3"
"AMD Ryzen 7 5800X3D 8-Core Processor","209.17","83"
"Intel Xeon CPU E5-2698 v3 @ 2.30GHz","208.06","3"
"Intel Core i9-9900KF CPU @ 3.60GHz","205.21","2"
"AMD Ryzen 7 5800X 8-Core Processor","204.73","181"
"13th Gen Intel Core i7-13650HX","204.32","49"
"Apple M2 Pro","204.11","22"
"13th Gen Intel Core i5-13400","203.83","6"
"AMD Ryzen 5 7600X 6-Core Processor","202.69","73"
"Intel Xeon CPU E5-2697 v3 @ 2.60GHz","202.04","5"
"AMD Ryzen 7 PRO 8840HS w/ Radeon 780M Graphics","201.58","1"
"13th Gen Intel Core i5-13400F","201.13","46"
"13th Gen Intel Core i9-13900HK","201","3"
"Intel Core i7-11700K @ 3.60GHz","198.94","9"
"2X Intel Xeon CPU E5-2690 v2 @ 3.00GHz","198.75","6"
"AMD Ryzen 9 PRO 7940HS w/ Radeon 780M Graphics","198.5","1"
"AMD Ryzen 5 7600 6-Core Processor","198.03","44"
"AMD Ryzen AI Z2 Extreme","198.02","1"
"Intel Core i9-10910 CPU @ 3.60GHz","197.59","1"
"Intel Core i9-10900X CPU @ 3.70GHz","197.1","2"
"Intel Core i5-14400F","196.54","26"
"Intel Xeon CPU E5-2680 v4 @ 2.40GHz","196.24","9"
"Intel Core i5-14500","196","1"
"AMD Ryzen Threadripper 2920X 12-Core Processor","195.18","2"
"AMD Ryzen 5 7600X3D 6-Core Processor","194.34","7"
"Intel Core i5-14500HX","192.4","9"
"AMD Ryzen 5 7500F 6-Core Processor","191.56","42"
"Intel Core Ultra 5 235H","191.49","1"
"Intel Core Ultra 7 165H","191.22","6"
"Intel Core i5-14400","191.12","9"
"AMD Ryzen 7 5700X3D 8-Core Processor","190.89","30"
"AMD Ryzen 7 6800HS Creator Edition","190.16","1"
"AMD Ryzen 5 7500X3D 6-Core Processor","190.12","2"
"AMD Ryzen 7 5700G with Radeon Graphics","188.55","31"
"2X QEMU Virtual CPU version 2.5+","187.45","1"
"AMD Ryzen 7 5700","187.24","11"
"AMD Ryzen 5 8400F 6-Core Processor","186.36","9"
"Snapdragon X Elite - X1E80100 - Qualcomm Oryon CPU","185.98","3"
"AMD Ryzen 5 7640U w/ Radeon 760M Graphics","185.75","1"
"Intel Xeon CPU E5-2687W v4 @ 3.00GHz","185.69","1"
"AMD Ryzen AI 7 350 w/ Radeon 860M","185.67","26"
"AMD Ryzen 5 7400F 6-Core Processor","185.22","2"
"Intel Core i9-9900KS CPU @ 4.00GHz","185.17","2"
"AMD Ryzen 7 7735HS with Radeon Graphics","184.33","37"
"AMD Ryzen 7 PRO 3700 8-Core Processor","184.03","1"
"AMD Ryzen 7 3800X 8-Core Processor","183.9","12"
"13th Gen Intel Core i9-13900H","183.74","56"
"AMD Ryzen 7 PRO 6850H with Radeon Graphics","183.35","17"
"Intel Core i9-10900 CPU @ 2.80GHz","182.63","2"
"AMD Ryzen 7 3800XT 8-Core Processor","182.41","4"
"Intel Core i7-10700KF CPU @ 3.80GHz","182.22","1"
"AMD Ryzen 5 8600G w/ Radeon 760M Graphics","181.42","10"
"AMD Ryzen 5 240 w/ Radeon 760M Graphics","181.21","1"
"Intel Core i7-10700K CPU @ 3.80GHz","180.05","18"
"Genuine Intel 0000 @ 1.80GHz","179.85","4"
"Intel Core i9-11900KF @ 3.50GHz","178.8","6"
"Intel Core i9-11900K @ 3.50GHz","178.66","4"
"Snapdragon X Plus (8-core) @ 3.30 GHz","178.18","1"
"Snapdragon X Plus - X1P42100 - Qualcomm Oryon CPU","177.93","4"
"Intel Core i5-14450HX","177.28","2"
"AMD Ryzen 9 6900HS with Radeon Graphics","176.85","30"
"Intel Xeon CPU E5-2690 v4 @ 2.60GHz","175.97","3"
"Apple Silicon","175.06","4"
"Intel Core i9-12900HK","174.66","2"
"Intel Core i9-12900H","173.87","18"
"13th Gen Intel Core i5-13490F","173.03","3"
"AMD Ryzen 7 3700X 8-Core Processor","172.49","51"
"AMD Ryzen 7 6800H with Radeon Graphics","172.41","19"
"Intel Core i7-12700H","171.18","45"
"Snapdragon X - X126100 - Qualcomm Oryon CPU","170.25","5"
"Intel Core i9-9900K CPU @ 3.60GHz","169.85","37"
"AMD Ryzen 9 6900HX with Radeon Graphics","167.81","2"
"AMD Ryzen 7 5800HS with Radeon Graphics","167.43","3"
"Intel Xeon CPU E5-2690 v3 @ 2.60GHz","167.33","1"
"Intel Core i7-6950X CPU @ 3.00GHz","167.18","3"
"2X Intel Xeon Silver 4110 CPU @ 2.10GHz","166.79","1"
"Intel Core i9-11950H @ 2.60GHz","165.53","7"
"AMD Ryzen 5 7640HS w/ Radeon 760M Graphics","164.92","4"
"Apple M1 Pro","163.59","44"
"AMD EPYC 7R13 Processor","162.19","1"
"Intel Core i7-12650HX","162.02","1"
"AMD Ryzen 9 5900HX with Radeon Graphics","161.87","20"
"AMD Ryzen 5 8645HS w/ Radeon 760M Graphics","161.47","9"
"AMD Ryzen 5 5600X3D 6-Core Processor","159.8","7"
"13th Gen Intel Core i7-13620H","159.63","40"
"Intel Xeon CPU E5-2670 v3 @ 2.30GHz","159.04","2"
"Intel Core i9-10900F CPU @ 2.80GHz","158.49","3"
"AMD Ryzen Z1 Extreme","158.46","6"
"AMD Ryzen 7 PRO 6850U with Radeon Graphics","158.26","2"
"AMD Ryzen 5 5600GT with Radeon Graphics","158.21","7"
"AMD Ryzen AI 5 340 w/ Radeon 840M","158.1","4"
"Intel Core i7-9700KF CPU @ 3.60GHz","157.2","2"
"13th Gen Intel Core i7-13700H","156.91","19"
"Intel Xeon W-2245 CPU @ 3.90GHz","156.07","1"
"Intel Xeon W-2140B CPU @ 3.20GHz","155.93","2"
"AMD Ryzen 5 5600X 6-Core Processor","155.87","160"
"Intel Core i7-11700F @ 2.50GHz","155.61","6"
"AMD Ryzen 7 6800U with Radeon Graphics","154.87","5"
"13th Gen Intel Core i5-13500HX","154.65","2"
"Intel Core i5-12490F","154.19","1"
"Intel Core i5-12400F","154.01","53"
"AMD Ryzen 5 5600XT 6-Core Processor","153.79","4"
"AMD Ryzen 5 8500G w/ Radeon 740M Graphics","153.15","9"
"Intel Core i5-12500","152.81","5"
"Intel Core i9-11900 @ 2.50GHz","152.76","4"
"Intel Core i5-12400","152.41","19"
"Intel Core Ultra 5 225H","152.33","2"
"Intel Core i5-12600HX","151.83","3"
"Intel Core i7-10700F CPU @ 2.90GHz","151.32","5"
"Intel Core i7-10700 CPU @ 2.90GHz","151.16","12"
"Intel Core 7 240H","150.52","5"
"AMD Ryzen 5 5600 6-Core Processor","150.18","59"
"Intel Core Ultra 7 155H","150.13","46"
"Intel Core i7-11700KF @ 3.60GHz","149.55","1"
"Intel Core i7-12650H","149.05","19"
"Intel Core i9-9900 CPU @ 3.10GHz","148.87","3"
"AMD Ryzen 5 3600XT 6-Core Processor","148.78","1"
"AMD Ryzen 7 8840U w/ Radeon 780M Graphics","148.72","2"
"Intel Xeon CPU E5-2689 v4 @ 3.10GHz","148.71","2"
"Intel Core i7-7820X CPU @ 3.60GHz","148.48","3"
"13th Gen Intel Core i5-13500H","147.44","7"
"AMD Ryzen 7 2700 Eight-Core Processor","147.2","5"
"Intel Xeon CPU E5-1660 v3 @ 3.00GHz","146.12","1"
"AMD Ryzen 5 5600G with Radeon Graphics","145.91","132"
"AMD Ryzen 5 5500X3D 6-Core Processor","145.35","2"
"Intel Xeon CPU E5-2680 v3 @ 2.50GHz","145.25","1"
"Intel Core i5-11600K @ 3.90GHz","144.88","5"
"AMD Ryzen 7 PRO 4750GE with Radeon Graphics","144.38","1"
"AMD Ryzen 7 2700X Eight-Core Processor","144.06","26"
"Intel Xeon CPU E5-2630 v4 @ 2.20GHz","143.44","1"
"AMD Ryzen 5 5500GT with Radeon Graphics","143.02","2"
"Intel Core Ultra 5 125H","142.96","7"
"AMD Ryzen AI 7 PRO 360 w/ Radeon 880M","142.81","6"
"Intel Xeon CPU E5-2678 v3 @ 2.50GHz","142.57","1"
"Intel Xeon CPU E5-2666 v3 @ 2.90GHz","142.33","2"
"AMD Ryzen 7 5800H with Radeon Graphics","141.87","42"
"2X Intel Xeon CPU E5-2643 v2 @ 3.50GHz","141.86","1"
"AMD Ryzen 7 4800H with Radeon Graphics","141.43","21"
"Virtual CPU @ 3.41GHz","141.37","1"
"Intel Core Ultra 5 228V","141.16","2"
"13th Gen Intel Core i5-13500T","141.06","1"
"Intel Xeon Gold 5118 CPU @ 2.30GHz","140.71","1"
"AMD Ryzen 7 1800X Eight-Core Processor","140.59","14"
"Intel Xeon W-11865MRE @ 2.60GHz","140.39","3"
"Intel Core i7-8086K CPU @ 4.00GHz","138.83","2"
"Intel Xeon CPU E5-2667 v4 @ 3.20GHz","138.59","7"
"AMD Ryzen Threadripper 1900X 8-Core Processor","138.55","1"
"AMD Ryzen 7 5825U with Radeon Graphics","138.5","6"
"Intel Core i7-9700K CPU @ 3.60GHz","138.37","25"
"AMD Ryzen 5 3600X 6-Core Processor","138.2","19"
"Intel Xeon CPU E5-2676 v3 @ 2.40GHz","137.79","2"
"AMD Ryzen 5 5500","137.63","47"
"Intel Core i5-10500 CPU @ 3.10GHz","137.25","5"
"2X Genuine Intel CPU  @ 2.90GHz","137.09","1"
"Intel Core i9-9980HK CPU @ 2.40GHz","136","15"
"AMD Ryzen 5 PRO 5650G with Radeon Graphics","135.99","1"
"Intel Core i9-11900H @ 2.50GHz","135.93","8"
"Intel Core i5-12500H","135.79","52"
"Intel Core i9-11900KB @ 3.30GHz","135.77","1"
"AMD Ryzen 7 8840HS w/ Radeon 780M Graphics","135.53","3"
"Intel Core i5-12450HX","135.41","19"
"Intel Core i5-10600K CPU @ 4.10GHz","135.34","6"
"Intel Core i7-11850H @ 2.50GHz","134.72","12"
"AMD Ryzen 9 5900HS with Radeon Graphics","134.45","6"
"Intel Core i5-11500 @ 2.70GHz","134.26","3"
"Intel Xeon CPU E5-1660 v4 @ 3.20GHz","133.59","1"
"AMD Ryzen 5 PRO 7540U w/ Radeon 740M Graphics","133.44","1"
"AMD Ryzen Z1","133.44","1"
"AMD Ryzen AI 5 PRO 340 w/ Radeon 840M","133.43","2"
"AMD Ryzen 7 7445HS w/ Radeon 740M Graphics","133.24","5"
"AMD Ryzen 9 4900HS with Radeon Graphics","132.89","7"
"13th Gen Intel Core i3-13100F","131.97","1"
"AMD Ryzen 5 5600T 6-Core Processor","131.7","2"
"AMD Ryzen 5 7535HS with Radeon Graphics","131.56","12"
"AMD Eng Sample: 100-000000098-40_39/27_Y","130.8","1"
"AMD Ryzen 7 7730U with Radeon Graphics","130.66","17"
"AMD Ryzen 7 7840H with Radeon 780M Graphics","130.66","1"
"Genuine Intel CPU 0000 @ 2.60GHz","130.5","1"
"Intel Core i9-11980HK @ 2.60GHz","130.5","1"
"Intel Core i9-9880H CPU @ 2.30GHz","130.04","16"
"Intel Core Ultra 5 225U","129.91","2"
"2X Intel Xeon CPU           X5680  @ 3.33GHz","129.85","1"
"Intel Core i9-9900T CPU @ 2.10GHz","129.27","1"
"AMD Ryzen 5 6600HS Creator Edition","128.89","2"
"Intel Core Ultra 7 258V","128.15","19"
"AMD Ryzen 5 220 w/ Radeon 740M Graphics","127.73","4"
"Intel Core i7-11700 @ 2.50GHz","127.67","9"
"Intel Core Ultra 5 236V","126.99","1"
"AMD Ryzen 5 3600 6-Core Processor","126.68","87"
"Intel Xeon w3-2425","126.46","1"
"Apple M3","126.38","32"
"Intel Core 5 210H","126.29","10"
"AMD Ryzen 7 1700X Eight-Core Processor","125.65","4"
"AMD Ryzen 9 5980HX with Radeon Graphics","125.34","1"
"Intel Core i7-5960X CPU @ 3.00GHz","125.06","3"
"QEMU Virtual CPU version 2.5+","123.9","1"
"AMD Ryzen 5 4500 6-Core Processor","123.59","10"
"Intel Core i7-10870H CPU @ 2.20GHz","123.56","5"
"AMD Ryzen 5 PRO 4650G with Radeon Graphics","123.46","7"
"Intel Core i7-1270P","123.11","1"
"Intel Core i7-11800H @ 2.30GHz","122.75","42"
"13th Gen Intel Core i5-13420H","122.34","25"
"AMD Ryzen 5 4600G with Radeon Graphics","122","4"
"AMD Ryzen 7 5800U with Radeon Graphics","121.66","3"
"Intel Core Ultra 7 256V","121.5","5"
"AMD Ryzen 7 PRO 4750U with Radeon Graphics","121.43","7"
"Intel Core i5-10600KF CPU @ 4.10GHz","121.41","3"
"AMD Ryzen 7 1700 Eight-Core Processor","121.36","4"
"Intel Core i5-11400F @ 2.60GHz","121.32","12"
"Intel Core i7-8700 CPU @ 3.20GHz","121.03","21"
"Intel Core i7-1280P","120.98","2"
"Intel Core i7-8700K CPU @ 3.70GHz","120.61","20"
"Intel Core i7-10875H CPU @ 2.30GHz","120.52","4"
"AMD Ryzen 5 PRO 5675U with Radeon Graphics","119.72","1"
"Intel Core i5-1240P","119.69","1"
"AMD Ryzen 5 5600H with Radeon Graphics","119.2","30"
"Intel Xeon CPU E5-2640 v4 @ 2.40GHz","119.2","1"
"AMD Ryzen 7 4800U with Radeon Graphics","118.93","1"
"Intel Core i5-11400 @ 2.60GHz","118.46","2"
"Intel Core i3-14100F","118.08","1"
"Intel Core i3-14100","118.04","2"
"Intel Xeon CPU E5-1650 v4 @ 3.60GHz","117.85","3"
"13th Gen Intel Core i5-1340P","117.49","2"
"Intel Core i5-10400 CPU @ 2.90GHz","117.34","12"
"13th Gen Intel Core i7-1360P","116.58","4"
"13th Gen Intel Core i7-1365U","116.33","1"
"AMD Ryzen 5 5560U with Radeon Graphics","116.31","2"
"AMD Ryzen 7 PRO 5850U with Radeon Graphics","115.99","5"
"AMD Ryzen 5 4600U with Radeon Graphics","115.97","2"
"Intel Core i7-9700F CPU @ 3.00GHz","115.96","5"
"Intel Xeon CPU E5-2697 v2 @ 2.70GHz","115.19","8"
"Intel Core i5-11260H @ 2.60GHz","114.62","3"
"Intel Core i5-10400F CPU @ 2.90GHz","113.94","22"
"Intel Core i7-12800H","113.6","2"
"Intel Core Ultra 9 288V","112.93","11"
"AMD Ryzen 7 PRO 8840U w/ Radeon 780M Graphics","112.36","3"
"Intel Core Ultra 7 268V","112.25","8"
"AMD Ryzen 5 7535U with Radeon Graphics","112.09","1"
"AMD Ryzen 7 5700U with Radeon Graphics","111.99","10"
"AMD Ryzen 5 6600H with Radeon Graphics","111.46","7"
"Intel Core i5-12450H","111.2","23"
"Intel Core i7-7800X CPU @ 3.50GHz","109.63","1"
"Intel Core i7-5930K CPU @ 3.50GHz","109.58","2"
"Intel Core Ultra 5 226V","109.57","5"
"AMD Ryzen 5 PRO 5650U with Radeon Graphics","109.15","4"
"Intel Xeon CPU E5-2695 v2 @ 2.40GHz","108.71","1"
"Apple M2","108.49","35"
"Intel Xeon CPU E5-2696 v2 @ 2.50GHz","108.46","1"
"AMD Ryzen 5 2600X Six-Core Processor","106.97","7"
"Intel Xeon W-2135 CPU @ 3.70GHz","106.7","5"
"13th Gen Intel Core i3-13100","106.48","2"
"Intel Core i3-12100F","106.15","8"
"AMD BC-250","105.83","5"
"AMD Ryzen 5 2600 Six-Core Processor","104.8","32"
"AMD Ryzen 7 PRO 7840U w/ Radeon 780M Graphics","104.54","7"
"Intel Core i5-10600 CPU @ 3.30GHz","104.48","1"
"Intel Xeon CPU E5-2650 v3 @ 2.30GHz","104.43","3"
"AMD Ryzen 7 260 w/ Radeon 780M","104.21","1"
"Intel Core i5-11400H @ 2.70GHz","103.97","45"
"AMD Ryzen 5 5600U with Radeon Graphics","102.81","1"
"2X Intel Xeon CPU           X5675  @ 3.07GHz","102.42","2"
"AMD Ryzen 5 4600H with Radeon Graphics","101.92","8"
"Intel Core i5-9600K CPU @ 3.70GHz","101.8","23"
"Intel Xeon CPU E5-2680 v2 @ 2.80GHz","101.67","2"
"2X Intel Xeon CPU           E5645  @ 2.40GHz","100.99","1"
"Intel Xeon CPU E5-2690 v2 @ 3.00GHz","100.84","1"
"Intel Xeon CPU E5-2667 v3 @ 3.20GHz","100.24","2"
"Intel Core i9-10885H CPU @ 2.40GHz","99.85","5"
"AMD Ryzen 5 5500U with Radeon Graphics","99.55","24"
"2X Intel Xeon Bronze 3106 CPU @ 1.70GHz","98.82","1"
"Intel Xeon CPU E5-1650 v3 @ 3.50GHz","98.62","2"
"Intel Xeon W-11855M CPU @ 3.20GHz","97.6","3"
"AMD Ryzen 5 1600X Six-Core Processor","96.96","1"
"AMD Ryzen 5 1600 Six-Core Processor","96.54","9"
"Intel Core i7-5820K CPU @ 3.30GHz","95.82","6"
"Apple M1","95.44","69"
"Intel Core i7-10850H CPU @ 2.70GHz","94.73","3"
"2X Intel Xeon CPU           X5650  @ 2.67GHz","94.65","3"
"2X Intel Xeon CPU           X5660  @ 2.80GHz","94.58","4"
"Intel Core i9-8950HK CPU @ 2.90GHz","94.13","2"
"Intel Core i7-8700T CPU @ 2.40GHz","92.37","1"
"Intel Core i3-12100","91.84","4"
"Intel Core i5-8600K CPU @ 3.60GHz","91.75","3"
"Intel Core i7-1265U","91.66","2"
"Intel Core i7-7700K CPU @ 4.20GHz","90.51","21"
"Intel Core i7-9750H CPU @ 2.60GHz","90.28","52"
"Intel Core i7-10750H CPU @ 2.60GHz","90","22"
"13th Gen Intel Core i7-1355U","88.5","5"
"AMD Ryzen 5 PRO 4650U with Radeon Graphics","88.47","4"
"Intel Core i7-8700B CPU @ 3.20GHz","88.23","1"
"Intel Core i7-9850H CPU @ 2.60GHz","88.08","11"
"Intel Core i7-9700 CPU @ 3.00GHz","87.98","9"
"AMD Ryzen 5 Microsoft Surface Edition","87.96","1"
"4X AMD EPYC 9175F 16-Core Processor","87.74","1"
"AMD Ryzen 3 3300X 4-Core Processor","87.31","2"
"Intel Xeon CPU E3-1270 v5 @ 3.60GHz","86.9","1"
"Virtual CPU @ 3.24GHz","86.67","1"
"Intel Xeon CPU E3-1275 v5 @ 3.60GHz","86.16","3"
"AMD Ryzen 5 3500X 6-Core Processor","85.54","6"
"Intel Xeon E-2276M  CPU @ 2.80GHz","85","1"
"Intel Core i5-9400 CPU @ 2.90GHz","84.77","3"
"Intel Core i5-9600KF CPU @ 3.70GHz","84.42","5"
"Intel Core i5-1245UE","83.9","2"
"Intel Core i5-8400 CPU @ 2.80GHz","83.62","4"
"Intel Core i7-8750H CPU @ 2.20GHz","83.39","24"
"Intel Core i7-8850H CPU @ 2.60GHz","81.65","11"
"Intel Core i5-9500 CPU @ 3.00GHz","81.62","1"
"Intel Core i7-6700K CPU @ 4.00GHz","81.46","18"
"Intel Core Ultra 5 125U","80.39","6"
"AMD Ryzen 5 5625U with Radeon Graphics","80.03","6"
"Intel Xeon E-2176M  CPU @ 2.70GHz","79.71","2"
"Intel Core i3-10105F CPU @ 3.70GHz","79.61","1"
"AMD Ryzen 3 PRO 4350G with Radeon Graphics","79.49","1"
"Intel Core i3-10100F CPU @ 3.60GHz","79.09","2"
"AMD Ryzen 5 7235HS","78.77","13"
"Intel Core i7-11370H @ 3.30GHz","78.63","4"
"AMD Ryzen 5 7530U with Radeon Graphics","78.57","5"
"AMD Ryzen 3 7330U with Radeon Graphics","78.06","1"
"Intel Core i5-8500 CPU @ 3.00GHz","78.03","10"
"AMD Ryzen 5 7430U with Radeon Graphics","77.59","2"
"Intel Core 5 120U","77.33","3"
"Intel Core i5-8600 CPU @ 3.10GHz","77.28","2"
"Intel Core Ultra 5 115U","77.13","1"
"Intel Xeon W-2133 CPU @ 3.60GHz","76.85","3"
"Intel Core i7-1255U","76.39","14"
"Intel Core i5-9400F CPU @ 2.90GHz","75.74","16"
"Intel Core i3-10100 CPU @ 3.60GHz","75.37","6"
"AMD Ryzen 3 3100 4-Core Processor","75.35","1"
"Intel Core i5-11300H @ 3.10GHz","75.19","2"
"Intel Xeon CPU E5-2690 0 @ 2.90GHz","75.16","1"
"Intel Core i5-10500H CPU @ 2.50GHz","74.76","2"
"Intel Xeon W-2223 CPU @ 3.60GHz","74.59","1"
"Intel Core i7-1260P","74.27","9"
"4X 12th Gen Intel Core i5-12400","74.09","1"
"AMD EPYC 7543P 32-Core Processor","74.06","4"
"Intel Core i5-10400T CPU @ 2.00GHz","72.66","1"
"AMD EPYC 74F3 24-Core Processor","72.41","1"
"Intel Core Ultra 5 235U","72.23","1"
"Intel Xeon CPU E5-1650 v2 @ 3.50GHz","72.1","2"
"Intel Core i7-7700 CPU @ 3.60GHz","71.89","30"
"Intel Xeon W-2125 CPU @ 4.00GHz","71.78","2"
"Intel Xeon w3-2423","71.78","1"
"Intel Core i5-8259U CPU @ 2.30GHz","71.71","1"
"Intel Xeon CPU E3-1240 v5 @ 3.50GHz","71.47","4"
"Intel Core i5-9400T CPU @ 1.80GHz","71.28","1"
"Intel Core i7-10810U CPU @ 1.10GHz","71.1","1"
"Intel Core i5-1145G7 @ 2.60GHz","70.87","3"
"Intel Core i3-10105 CPU @ 3.70GHz","70.64","2"
"Intel Core i7-9700T CPU @ 2.00GHz","70.1","1"
"AMD Ryzen 5 3400G with Radeon Vega Graphics","69.74","9"
"AMD Ryzen 5 4500U with Radeon Graphics","69.46","4"
"Intel Core Ultra 7 155U","69.45","3"
"Intel Core i5-8500T CPU @ 2.10GHz","69.35","1"
"Intel Core i7-4790K CPU @ 4.00GHz","68.83","9"
"AMD Ryzen 5 2500X Quad-Core Processor","68.33","1"
"AMD Custom APU 0932","68.32","4"
"Intel Core i5-7600K CPU @ 3.80GHz","68.3","15"
"Intel Core Ultra 5 135H","68.25","2"
"Intel Core i7-4770K CPU @ 3.50GHz","67.92","6"
"Intel Core 7 150U","67.76","1"
"Intel Core i7-6700 CPU @ 3.40GHz","67.75","12"
"Intel Core i5-8400T CPU @ 1.70GHz","67.62","1"
"Intel Core i5-1035G4 CPU @ 1.10GHz","67.57","3"
"AMD Custom APU 0405","67.22","6"
"AMD Ryzen 3 PRO 4450U with Radeon Graphics","66.86","1"
"AMD Ryzen 5 2400G with Radeon Vega Graphics","66.5","4"
"Intel Xeon CPU E5-4650 0 @ 2.70GHz","65.47","1"
"Intel Xeon CPU E5-1620 v4 @ 3.50GHz","65.43","1"
"AMD Ryzen 7 7735U with Radeon Graphics","65.07","1"
"Intel Core i7-8557U CPU @ 1.70GHz","64.62","1"
"Intel Core i7-1185G7 @ 3.00GHz","64.22","12"
"Intel Core i7-4700HQ CPU @ 2.40GHz","63.74","1"
"Intel Core i7-3930K CPU @ 3.20GHz","63.4","1"
"Intel Xeon W-2123 CPU @ 3.60GHz","63.3","3"
"Intel Core i7-7700HQ CPU @ 2.80GHz","62.95","19"
"AMD EPYC-Genoa Processor","62.8","1"
"Intel Core i5-10300H CPU @ 2.50GHz","62.75","22"
"Intel Core i5-1038NG7 CPU @ 2.00GHz","62.75","7"
"Intel Core i5-1245U","62.54","1"
"Intel Core i5-6600K CPU @ 3.50GHz","62.26","6"
"Intel Core i7-4770 CPU @ 3.40GHz","61.87","8"
"Intel Core i3-10100T CPU @ 3.00GHz","61.73","1"
"Intel Core i5-11320H @ 3.20GHz","61.66","2"
"Intel Core i3-9100F CPU @ 3.60GHz","61.62","10"
"AMD Ryzen 5 7520U with Radeon Graphics","61.56","7"
"Apple silicon","61.48","1"
"Intel Core i5-1235U","61.38","13"
"13th Gen Intel Core i3-1315U","61.17","4"
"Intel Core i5-9300H CPU @ 2.40GHz","61.14","7"
"AMD Ryzen Embedded V1756B with Radeon Vega Gfx","60.93","1"
"Intel Xeon CPU E5-1620 v3 @ 3.50GHz","60.61","2"
"Intel Core i5-8300H CPU @ 2.30GHz","60.59","4"
"Intel Xeon CPU E5-2660 0 @ 2.20GHz","60.42","1"
"AMD Ryzen 7 PRO 7730U with Radeon Graphics","60.08","1"
"AMD Ryzen 7 Microsoft Surface Edition","59.92","2"
"Intel Core i7-6700T CPU @ 2.80GHz","59.76","4"
"Intel Xeon CPU E3-1535M v6 @ 3.10GHz","59.61","1"
"Intel Core i7-4790 CPU @ 3.60GHz","59.18","8"
"Intel Xeon CPU E3-1246 v3 @ 3.50GHz","58.52","1"
"Intel Core i7-7700T CPU @ 2.90GHz","58.3","1"
"Intel Core i7-4870HQ CPU @ 2.50GHz","58.24","6"
"Intel Xeon CPU E5-2650 0 @ 2.00GHz","57.79","1"
"Intel Core 3 100U","57.69","1"
"Intel Xeon E-2124G CPU @ 3.40GHz","57.69","1"
"AMD Ryzen 5 PRO 2400G with Radeon Vega Graphics","57.47","1"
"Intel Xeon CPU E3-1276 v3 @ 3.60GHz","57.47","2"
"Intel Core i3-9100 CPU @ 3.60GHz","57.22","1"
"Intel Core i3-1215U","57.17","3"
"Intel Xeon CPU E3-1535M v5 @ 2.90GHz","57.13","2"
"13th Gen Intel Core i5-1335U","56.82","2"
"Intel Core i7-4720HQ CPU @ 2.60GHz","55.57","1"
"2X Intel Xeon CPU           E5620  @ 2.40GHz","54.72","1"
"Intel Core i5-4690K CPU @ 3.50GHz","54.24","4"
"Intel Xeon CPU E5-2609 v4 @ 1.70GHz","53.65","1"
"AMD Ryzen 7 3700U with Radeon Vega Mobile Gfx","53.45","1"
"Intel Core i5-9300HF CPU @ 2.40GHz","53.44","2"
"Intel Core i5-1155G7 @ 2.50GHz","52.99","3"
"AMD Ryzen 5 3550H with Radeon Vega Mobile Gfx","52.84","15"
"Intel Core i7-4930K CPU @ 3.40GHz","52.66","1"
"Intel Core i7-1165G7 @ 2.80GHz","52.37","61"
"Intel Core i5-5575R CPU @ 2.80GHz","52.34","2"
"Intel Core i5-7300HQ CPU @ 2.50GHz","52.27","3"
"Intel Xeon CPU           X5675  @ 3.07GHz","52.18","2"
"Intel Core i3-1220P","52.06","1"
"AMD FX(tm)-8350 Eight-Core Processor","51.49","10"
"Intel Core i7-4702MQ CPU @ 2.20GHz","51.3","1"
"Intel Core i5-7500 CPU @ 3.40GHz","51.17","1"
"Intel Core i5-4690 CPU @ 3.50GHz","50.79","2"
"Intel Core i5-9500T CPU @ 2.20GHz","50.77","1"
"Intel Xeon CPU           X5670  @ 2.93GHz","50.46","2"
"AMD Ryzen 5 3350G with Radeon Vega Graphics","50.41","2"
"Intel Core i3-8100B CPU @ 3.60GHz","50.27","1"
"Intel Core i7-7820HQ CPU @ 2.90GHz","50.06","3"
"13th Gen Intel Core i5-1334U","50.02","4"
"Intel Core i7-1068NG7 CPU @ 2.30GHz","49.8","2"
"Intel Core i7-8565U CPU @ 1.80GHz","49.53","7"
"AMD Ryzen 5 1400 Quad-Core Processor","48.82","2"
"Intel Xeon CPU E5-1650 0 @ 3.20GHz","48.72","1"
"Intel Core i5-1135G7 @ 2.40GHz","48.44","56"
"Intel Core i5-8265U CPU @ 1.60GHz","48.31","8"
"AMD EPYC 7452 32-Core Processor","47.9","1"
"Intel Core i7-3770 CPU @ 3.40GHz","47.84","13"
"Intel Core i7-3770K CPU @ 3.50GHz","47.78","8"
"Intel Core i7-8650U CPU @ 1.90GHz","47.7","6"
"AMD Ryzen 5 PRO 3500U w/ Radeon Vega Mobile Gfx","47.57","2"
"AMD Ryzen 7 3700C  with Radeon Vega Mobile Gfx","47.51","2"
"Intel Core i7-8665U CPU @ 1.90GHz","47.5","35"
"AMD FX-8370 Eight-Core Processor","47.24","2"
"AMD Ryzen 7 4700U with Radeon Graphics","47.16","30"
"Intel Core i7-2600K CPU @ 3.40GHz","47.05","4"
"Intel Xeon Gold 6250 CPU @ 3.90GHz","47.03","1"
"Intel Core i5-7400 CPU @ 3.00GHz","46.51","8"
"Intel Core i7-4820K CPU @ 3.70GHz","46.43","1"
"Intel Core i5-8257U CPU @ 1.40GHz","46.42","2"
"Intel Core i5-6500 CPU @ 3.20GHz","46.31","11"
"Intel Core i5-4570 CPU @ 3.20GHz","45.61","2"
"AMD Ryzen 3 3200G with Radeon Vega Graphics","45.1","5"
"AMD Ryzen 3 5300U with Radeon Graphics","44.68","1"
"Intel Xeon CPU E3-1225 v5 @ 3.30GHz","44.64","1"
"AMD Ryzen 3 2200G with Radeon Vega Graphics","44.63","2"
"Intel Core i5-4590 CPU @ 3.30GHz","44.62","3"
"Intel Core i7-8569U CPU @ 2.80GHz","44.57","3"
"Intel Core i3-8100T CPU @ 3.10GHz","43.89","2"
"Intel Core i7-10610U CPU @ 1.80GHz","43.58","2"
"Intel Core i7-8550U CPU @ 1.80GHz","43.52","11"
"Intel Core i7-2600 CPU @ 3.40GHz","43.51","1"
"AMD FX(tm)-8150 Eight-Core Processor","43.41","1"
"Intel Core i5-8250U CPU @ 1.60GHz","43.07","6"
"Intel Xeon CPU E5-1607 v4 @ 3.10GHz","42.84","1"
"Intel Core i5-6600 CPU @ 3.30GHz","42.66","2"
"Intel Core i7-3770S CPU @ 3.10GHz","42.61","1"
"Intel Core i5-8365U CPU @ 1.60GHz","42.37","3"
"Intel Core i7-4770HQ CPU @ 2.20GHz","42.2","1"
"Intel Core i7-4700MQ CPU @ 2.40GHz","42.19","1"
"Intel Core i5-8350U CPU @ 1.70GHz","41.89","12"
"Intel Xeon CPU E5-1620 0 @ 3.60GHz","41.65","1"
"Intel Core i7-3615QM CPU @ 2.30GHz","41.57","1"
"4X Intel Xeon Platinum 8260 CPU @ 2.40GHz","41.23","1"
"Intel Core i5-6500T CPU @ 2.50GHz","41.14","2"
"Intel Core i7-3720QM CPU @ 2.60GHz","40.69","2"
"AMD Ryzen 5 3500U with Radeon Vega Mobile Gfx","40.65","31"
"Intel Core i5-10310U CPU @ 1.70GHz","40.6","4"
"Intel Core i7-4765T CPU @ 2.00GHz","40.51","1"
"Intel Core i5-4670 CPU @ 3.40GHz","40.39","3"
"Intel Core i5-6300HQ CPU @ 2.30GHz","40.16","3"
"Intel Core i7-3820QM CPU @ 2.70GHz","39.84","1"
"Intel Core i5-7440HQ CPU @ 2.80GHz","39.8","1"
"Intel Xeon CPU           W3530  @ 2.80GHz","39.53","1"
"Intel Core i5-1035G1 CPU @ 1.00GHz","38.75","42"
"Intel Core i5-4440 CPU @ 3.10GHz","37.53","1"
"AMD FX-8320E Eight-Core Processor","37.37","1"
"Intel Core i7-6820HQ CPU @ 2.70GHz","37.33","6"
"Intel Core i3-7100 CPU @ 3.90GHz","37.12","1"
"Intel Core i7-1065G7 CPU @ 1.30GHz","36.82","11"
"Intel Core i3-9100T CPU @ 3.10GHz","36.54","1"
"Intel Core i7-3612QM CPU @ 2.10GHz","36.53","1"
"Intel Core i5-10200H CPU @ 2.40GHz","36.43","1"
"Intel Core i7 CPU         940  @ 2.93GHz","36.36","6"
"Intel Core i7-3610QM CPU @ 2.30GHz","36.11","2"
"AMD FX(tm)-8120 Eight-Core Processor","35.98","1"
"Intel Core i5-3570K CPU @ 3.40GHz","35.31","2"
"Intel Core i5-10210U CPU @ 1.60GHz","35.24","10"
"Intel Core i7-2630QM CPU @ 2.00GHz","34.99","1"
"AMD Ryzen 3 3300U with Radeon Vega Mobile Gfx","34.34","1"
"Intel Core i5-3570 CPU @ 3.40GHz","34.29","2"
"Intel Xeon CPU E3-1230 V2 @ 3.30GHz","34.13","2"
"Intel Xeon CPU E3-1220 v3 @ 3.10GHz","34.01","2"
"Intel Core i7 CPU         870  @ 2.93GHz","33.64","1"
"Intel Core i5-3330 CPU @ 3.00GHz","33.48","1"
"AMD FX(tm)-8300 Eight-Core Processor","33.23","2"
"Intel N150","33","10"
"Intel Core i5-3470 CPU @ 3.20GHz","32.81","10"
"Intel Core i7-7600U CPU @ 2.80GHz","32.8","2"
"Intel Core i7-7567U CPU @ 3.50GHz","32.73","1"
"Intel Xeon Platinum","32.59","7"
"Intel Core i3-8100 CPU @ 3.60GHz","32.47","2"
"Intel Core i5-6400 CPU @ 2.70GHz","31.98","1"
"AMD FX(tm)-6300 Six-Core Processor","31.8","2"
"Intel Core i7-10510U CPU @ 1.80GHz","31.8","3"
"Intel Xeon W-2102 CPU @ 2.90GHz","31.67","1"
"Intel Core i7-7660U CPU @ 2.50GHz","31.41","1"
"Intel Core i3-6100 CPU @ 3.70GHz","30.9","3"
"Intel Core i3-4330 CPU @ 3.50GHz","30.79","3"
"Intel Core i5-4570S CPU @ 2.90GHz","30","1"
"Intel Core i5-7360U CPU @ 2.30GHz","29.67","5"
"Intel Core i5-3550 CPU @ 3.30GHz","29.63","1"
"Intel Pentium Gold 7505 @ 2.00GHz","29.31","2"
"Intel N95","28.88","6"
"Intel Core i5-6440HQ CPU @ 2.60GHz","28.86","1"
"Intel Core i5-4590S CPU @ 3.00GHz","28.83","2"
"Intel Core i5-2400 CPU @ 3.10GHz","28.61","1"
"AMD Athlon 3000G with Radeon Vega Graphics","28.54","1"
"Intel Core i5-1030NG7 CPU @ 1.10GHz","27.81","1"
"Intel Core i7-6500U CPU @ 2.50GHz","27.78","1"
"Intel Core i5-2500K CPU @ 3.30GHz","27.34","3"
"Intel Core i5-6267U CPU @ 2.90GHz","26.93","1"
"Intel Core i5-4200M CPU @ 2.50GHz","26.48","1"
"Intel Core i3-4130 CPU @ 3.40GHz","26.46","1"
"Intel Xeon Platinum 8272CL CPU @ 2.60GHz","26.43","1"
"Intel Core i5-7267U CPU @ 3.10GHz","26.25","2"
"Intel Core i5-6200U CPU @ 2.30GHz","25.92","7"
"Intel N100","25.82","3"
"Intel Xeon CPU           E5620  @ 2.40GHz","25.76","1"
"Intel Core i5-4460  CPU @ 3.20GHz","25.59","3"
"AMD EPYC 7V12 64-Core Processor","25.42","3"
"Intel Core i3-1115G4 @ 3.00GHz","25.2","6"
"Intel Core i7-4810MQ CPU @ 2.80GHz","24.44","1"
"Intel Pentium Gold G5420T CPU @ 3.20GHz","24.27","1"
"Intel Core i3-4160T CPU @ 3.10GHz","24.22","1"
"Intel Core i5-5200U CPU @ 2.20GHz","24.22","2"
"Intel Core i5-5350U CPU @ 1.80GHz","23.76","4"
"Intel Core i7-3520M CPU @ 2.90GHz","23.75","1"
"Intel Core i5-5287U CPU @ 2.90GHz","23.48","2"
"Intel Core i3-1005G1 CPU @ 1.20GHz","23.45","8"
"AMD A10-7800 Radeon R7, 12 Compute Cores 4C+8G","23.43","1"
"Intel Core i5-7300U CPU @ 2.60GHz","23.19","7"
"Intel Core i5-4278U CPU @ 2.60GHz","23.12","1"
"Intel Core i5-4310M CPU @ 2.70GHz","22.68","1"
"Intel Core i5-6360U CPU @ 2.00GHz","22.68","2"
"Intel Core i3-7130U CPU @ 2.70GHz","22.53","1"
"AMD A10-7860K Radeon R7, 12 Compute Cores 4C+8G","21.98","1"
"AMD A10-5700 APU with Radeon(tm) HD Graphics","21.7","1"
"AMD Ryzen 3 2200U with Radeon Vega Mobile Gfx","21.48","1"
"Intel Core i7-2670QM CPU @ 2.20GHz","21.48","1"
"Intel Core i7-5557U CPU @ 3.10GHz","21.44","1"
"Intel Xeon Platinum 8259CL CPU @ 2.50GHz","21.31","1"
"Intel Core i5-2540M CPU @ 2.60GHz","20.94","1"
"Intel Core i3-4160 CPU @ 3.60GHz","20.84","1"
"Intel Core i3-7020U CPU @ 2.30GHz","20.64","5"
"Intel Core i3-3220T CPU @ 2.80GHz","20.57","1"
"Intel Core i7-6600U CPU @ 2.60GHz","20.37","3"
"AMD FX(tm)-4130 Quad-Core Processor","20.04","1"
"Intel Celeron N5095A @ 2.00GHz","19.87","1"
"Intel Core i7 CPU         950  @ 3.07GHz","19.73","1"
"Intel Core i7-4650U CPU @ 1.70GHz","19.46","4"
"Intel Core i5-5300U CPU @ 2.30GHz","19.44","3"
"Intel Core i5-7200U CPU @ 2.50GHz","19.36","6"
"AMD Ryzen 5 1500X Quad-Core Processor","18.98","1"
"Intel Core i3-7100U CPU @ 2.40GHz","18.94","1"
"AMD A8-9600 RADEON R7, 10 COMPUTE CORES 4C+6G","18.83","2"
"Intel Core i5-6300U CPU @ 2.40GHz","18.63","4"
"Intel Core i5-8210Y CPU @ 1.60GHz","18.61","1"
"Intel Core i7-6650U CPU @ 2.20GHz","17.98","1"
"Intel Core i5-3230M CPU @ 2.60GHz","17.71","1"
"Intel Core i3-5005U CPU @ 2.00GHz","17.64","2"
"Intel Pentium CPU 5405U @ 2.30GHz","17.56","1"
"Intel Celeron N5105 @ 2.00GHz","17.54","1"
"Intel Core i3-3220 CPU @ 3.30GHz","17.47","1"
"Intel Core m3-7Y30 CPU @ 1.00GHz","16.51","1"
"AMD A10-9600P RADEON R5, 10 COMPUTE CORES 4C+6G","16.37","1"
"Intel Core i7-4960HQ CPU @ 2.60GHz","15.89","1"
"AMD Ryzen 3 3250U with Radeon Graphics","15.81","1"
"Intel Core i5 CPU         750  @ 2.67GHz","15.48","1"
"Intel Core i5-5250U CPU @ 1.60GHz","15.12","6"
"AMD Athlon Silver 3050U with Radeon Graphics","15.05","1"
"Intel Core i3-3240 CPU @ 3.40GHz","15.02","1"
"Intel Core i3-4005U CPU @ 1.70GHz","14.84","1"
"AMD Ryzen 3 3200U with Radeon Vega Mobile Gfx","14.79","5"
"Intel Core i3-1000NG4 CPU @ 1.10GHz","14.61","3"
"AMD A8-6600K APU with Radeon(tm) HD Graphics","14.3","1"
"Intel Core i5-4210U CPU @ 1.70GHz","14.3","6"
"Intel Celeron J4125 CPU @ 2.00GHz","14.02","1"
"Intel Xeon CPU @ 2.20GHz","13.84","1"
"Intel Core i3-2130 CPU @ 3.40GHz","13.64","1"
"Intel Pentium CPU G2030 @ 3.00GHz","13.47","1"
"Intel Core i5-2415M CPU @ 2.30GHz","13.45","1"
"AMD A10-7850K Radeon R7, 12 Compute Cores 4C+8G","12.14","1"
"Intel Core i3-5010U CPU @ 2.10GHz","12.11","1"
"Intel Celeron N4120 CPU @ 1.10GHz","11.72","2"
"Intel Core i7-7500U CPU @ 2.70GHz","11.55","3"
"Intel Core i5-2410M CPU @ 2.30GHz","10.38","1"
"Intel Core i3-6100U CPU @ 2.30GHz","10.28","1"
"Intel Celeron CPU 1005M @ 1.90GHz","10","2"
"AMD A8-6410 APU with AMD Radeon R5 Graphics","9.7","1"
"Intel Core i3-10110U CPU @ 2.10GHz","9.27","1"
"Intel Pentium CPU  N3710  @ 1.60GHz","8.17","1"
"Intel N200","7.96","1"
"Intel Pentium 3805U @ 1.90GHz","7.12","1"
"AMD A8-7410 APU with AMD Radeon R5 Graphics","6.85","2"
"Intel Core i5-4340M CPU @ 2.90GHz","5.74","1"
"Intel Celeron N4020 CPU @ 1.10GHz","4.52","1"
"Intel Celeron CPU  N3060  @ 1.60GHz","3.65","1"
"Intel Celeron CPU 2950M @ 2.00GHz","3.58","1"
"AMD Sempron(tm) 2650 APU with Radeon(tm) R3","2.78","2"
"AMD E1-2100 APU with Radeon HD Graphics","2.15","1"
"AMD A4-1200 APU with Radeon HD Graphics","1.94","1"